{"cameraMode":{"drawMode":0,"name":"Shaded","section":"Shading Mode"},"sceneLighting":false,"audioPlay":false,"sceneViewState":{"m_AlwaysRefresh":false,"showFog":true,"showSkybox":false,"showFlares":true,"showImageEffects":true,"showParticleSystems":true,"showVisualEffectGraphs":true,"m_FxEnabled":true},"in2DMode":false,"pivot":{"x":-0.5164593458175659,"y":1.573027491569519,"z":-2.5072782039642336},"rotation":{"x":0.34448355436325076,"y":0.06330166012048722,"z":-0.023282283917069436,"w":0.9364099502563477},"size":0.8660253882408142,"orthographic":false}