{"cameraMode":{"drawMode":0,"name":"Shaded","section":"Shading Mode"},"sceneLighting":true,"audioPlay":false,"sceneViewState":{"m_AlwaysRefresh":false,"showFog":true,"showSkybox":true,"showFlares":true,"showImageEffects":true,"showParticleSystems":true,"showVisualEffectGraphs":true,"m_FxEnabled":true},"in2DMode":false,"pivot":{"x":3.6521975994110109,"y":14.457286834716797,"z":-89.49313354492188},"rotation":{"x":0.01962113380432129,"y":-0.9771400094032288,"z":0.1309252381324768,"w":0.17090706527233125},"size":0.9457213878631592,"orthographic":false}